brand,price
NATIVE,45
NATIVE,7.99
NATIVE,9.99
adidas,14.99
Nike,119.99
Nike,100
adidas,39.99
Nike,74.99
Nike,60
Nike,65
Nike,109.99
Nike,115
Nike,91.99
Nike,79.99
Nike,115
Nike,69.99
Nike,60
Nike,107.99
Nike,113.99
Nike,150
Nike,96
Nike,83.97
VANS,65
VANS,36.99
VANS,38.99
Tommy Hilfiger,70
Tommy Hilfiger,55.99
Nike,63.99
Nike,76.6
Nike,100
Nike,109.99
Nike,65
VANS,44.99
VANS,65
Nike,114.99
Nike,114.99
Nike,107.16
VANS,29.99
VANS,29.93
VANS,59.99
Nike,66.49
Nike,58.99
VANS,45
VANS,39.98
VANS,27.99
VANS,35
Nike,110.22
adidas,179.99
Nike,109.99
Nike,59.99
Nike,65
Nike,60.12
Nike,65
Nike,155.36
Nike,225
Nike,74.08
Nike,99.99
Nike,120
adidas,52.99
Nike,70
Nike,70
Nike,59.38
VANS,65
VANS,34.99
VANS,65
Sanuk,44
Sanuk,23.99
Nike,69.15
Nike,85
Nike,75
Nike,61.65
Nike,71.98
La Sportiva,165
Cushe,37.49
Cushe,37.99
Cushe,68
Cushe,37.99
VANS,39.99
VANS,65
VANS,59.99
VANS,36.99
Nike,86.89
Nike,179.95
Nike,129.99
Nike,122.99
Nike,124.99
Nike,124.99
Nike,169.99
Nike,124.99
Nike,144.95
Nike,164.5
Nike,164.99
Nike,137.99
Nike,139.99
Nike,129.99
Nike,173.51
Nike,137.23
Nike,139.99
Nike,44.99
Nike,64.74
Nike,109.98
Nike,59.39
adidas,59.99
Nike,59.9
Cushe,17.99
Nike,115
Nike,99.98
Nike,94.43
Nike,94.43
Nike,80
adidas,110
adidas,82.5
Nike,129.99
Nike,89.99
Nike,44.99
Nike,89.99
Nike,69.99
Nike,99.99
Nike,89.99
VANS,61.95
Nike,122.95
Nike,125
Nike,64.99
Nike,59.99
Nike,59.49
Nike,69.99
adidas,54.95
Nike,110
Nike,73.89
Nike,65.99
Nike,90
Nike,64.79
Nike,66.36
Nike,80
VANS,34.99
VANS,65
adidas,119.95
adidas,59
Nike,119.99
Nike,59.9
Nike,79.99
Nike,69.99
Nike,75
Nike,140
Nike,99.99
Nike,115
Nike,80.35
Nike,61.99
Nike,59.9
Nike,120
Nike,119.5
Nike,38.5
VANS,64.99
VANS,34.99
Nike,80.36
Nike,110
Nike,24.95
Nike,57.19
Nike,99.99
Nike,89.99
Nike,294.95
Nike,99.99
Nike,77
Nike,58.97
adidas,58.45
adidas,64.95
Nike,190
Nike,106.49
Nike,79.87
Cushe,25.99
Nike,65.83
Nike,70
Nike,84.9
Nike,90
VANS,45.99
VANS,90
adidas,59.99
Nike,109.89
adidas,79.99
Nike,97.97
Nike,76.47
Nike,97.97
Nike,89.97
Nike,83.27
Nike,89.97
Nike,49.99
Nike,68.25
Nike,39.99
Nike,65
VANS,39.99
VANS,55
Nike,120
adidas,39.95
adidas,42.95
Nike,72.99
Tommy Hilfiger,51.65
Tommy Hilfiger,51.63
VANS,55
VANS,14.99
Nike,82.26
Nike,76.72
adidas,60
Nike,189
Nike,170.1
VANS,70
VANS,29.99
VANS,13.99
VANS,12.99
VANS,45
VANS,7.99
VANS,11.99
VANS,9.99
Nike,120
VANS,59.99
VANS,39.99
Nike,69.99
Nike,79.99
Nike,129.99
Nike,97.24
Nike,135
VANS,46.99
VANS,65
Nike,90
VANS,65
VANS,36.99
Nike,39.97
Nike,61.5
adidas,69.99
Nike,80.85
Nike,88.82
Nike,83.79
VANS,29.99
Nike,109.99
VANS,34.99
adidas,59.99
Nike,53.99
Nike,100
adidas,119.95
Nike,90
Nike,36.65
Nike,36.65
Nike,120
Nike,89.99
Nike,59.95
Nike,71.84
Nike,68.64
Nike,68.63
Nike,120
adidas,89.99
Nike,37.99
VANS,64.99
VANS,36.99
Nike,59.99
VANS,34.99
VANS,40.99
VANS,65
Nike,79.35
Nike,79.35
VANS,34.99
VANS,65
La Sportiva,109.16
Nike,94.99
Nike,94.99
Nike,79.99
Stetson,314.99
Nike,90
Nike,499
VANS,65
VANS,38.99
Nike,38
Nike,109.99
Nike,98.99
Nike,129.9
Nike,59.99
Nike,69
Nike,79.99
Nike,84.97
Nike,56.9
Nike,110
Nike,109.99
Nike,46.05
Nike,72
Nike,120
adidas,29.99
Nike,142.9
VANS,34.99
VANS,40.99
VANS,65
Stetson,332.99
VANS,64.99
VANS,36.99
Nike,89.9
Nike,88.71
Nike,75.55
Nike,119.99
MuckBoot,164.95
MuckBoot,179.95
MuckBoot,0
MuckBoot,179.95
VANS,40.99
VANS,65
Nike,62
Nike,94.99
Nike,82.99
Nike,89.5
VANS,38.99
VANS,55
Tommy Hilfiger,57.61
Tommy Hilfiger,90
Nike,66.5
Nike,61.7
Nike,39.99
Nike,84.12
Nike,94.99
Nike,85.49
VANS,60
VANS,65
VANS,33.82
VANS,38.99
VANS,29.99
Nike,63.63
Nike,65
adidas,49.19
adidas,81.99
Donald J Pliner,625
Donald J Pliner,239.99
Nike,115
Nike,69.99
Nike,74.99
Nike,128.99
Nike,128.99
Nike,144.49
Nike,68.59
Nike,65
Nike,26
Nike,58.99
Nike,39.99
Nike,80
Nike,41.99
Nike,43.99
Nike,100
adidas,89.99
Nike,200
Nike,159.99
Nike,105.49
Nike,59.98
adidas,115
adidas,69
Nike,95.99
VANS,33.06
VANS,33.12
VANS,33.21
Nike,50
Nike,49.5
Nike,250
VANS,65
VANS,25.99
Nike,85
Nike,80.31
VANS,55
VANS,33.99
Nike,69.99
Nike,62.06
Nike,68.95
Nike,119.99
Nike,98.95
Nike,249.9
Nike,237.4
Nike,144.9
VANS,34.64
VANS,55
Nike,64.99
VANS,51.97
VANS,64.95
Nike,85
Nike,37.99
adidas,79.99
Tecs,8.91
Nike,109.23
Nike,109.23
Tommy Hilfiger,140
Tommy Hilfiger,57.99
Nike,76.97
Nike,109.98
Nike,82.28
Nike,82.84
Nike,76.46
Nike,85
Nike,159.97
Nike,185
Nike,174
Nike,192.45
Nike,119.99
adidas,64.99
Nike,72
Nike,80
Nike,159.92
Nike,157.92
Nike,199.9
Nike,134.99
Nike,57.59
Nike,119.99
Nike,117.99
Nike,104.75
adidas,44.99
adidas,49.99
Tommy Hilfiger,36.64
Nike,129.99
Nike,43.99
Nike,89.99
VANS,55
VANS,43.99
VANS,29.99
Nike,63.99
Nike,80
VANS,59.99
VANS,31.65
VANS,64.99
VANS,36.99
VANS,45
VANS,25.99
adidas,19.99
adidas,135
adidas,69.97
Nike,85
Nike,67.99
Nike,58.61
Nike,58.05
Nike,58.05
Nike,58.05
Nike,58.05
adidas,46.95
Nike,69.5
Nike,69.99
Nike,83.99
Nike,115
Nike,109
VANS,47.99
VANS,60
VANS,29.99
Nike,83.19
Nike,83.19
adidas,34.99
adidas,33.75
adidas,69.99
adidas,37.49
adidas,69.99
adidas,74.99
Nike,75
Sanuk,44.94
Nike,59.99
Nike,67.04
Nike,72.3
Nike,49.99
Nike,54.99
VANS,39.92
adidas,49.99
Nike,158.85
Nike,124.99
VANS,30.99
VANS,45
Nike,189
Nike,92.61
Nike,94.5
adidas,119.95
adidas,59.99
Nike,85
Nike,59.49
Nike,69.99
Nike,85
Nike,74.99
Nike,74.99
Nike,106.99
Nike,125
Nike,109.98
Nike,71.96
Nike,90
Nike,49.99
Nike,112.99
Nike,77.96
Nike,62.37
Nike,90
Donald J Pliner,300
Donald J Pliner,123.99
Nike,34.95
VANS,55
VANS,43.99
Nike,69.99
Nike,74.97
Nike,64.99
VANS,39.99
VANS,59.99
Nike,59.95
Nike,120.32
Nike,135
adidas,59.99
Nike,64.99
Nike,27
Nike,125
Nike,55
Nike,57.5
Nike,60
Nike,59
Nike,70
Nike,139.97
Nike,119.97
Nike,109.99
adidas,69.99
Nike,85
Nike,159.99
Nike,149.99
Nike,159.99
Nike,205
VANS,64.99
VANS,36.99
Nike,59.99
VANS,34.99
VANS,65
Nike,112
Nike,74.99
Nike,140
Nike,119.98
Nike,74.99
Nike,55.99
Nike,55.99
Nike,55.99
Nike,55.99
Nike,59.99
Nike,89.95
Nike,46.7
Nike,46.7
Nike,209.9
Nike,165.82
Nike,33.99
Nike,90
Cushe,23.99
Cushe,19.99
Cushe,21.99
Cushe,54.95
adidas,54.95
Nike,125
Nike,91.62
Nike,69.5
Nike,69.99
Sanuk,33.95
Nike,65
Nike,64.99
Nike,69.15
Nike,85
Nike,131.99
Nike,165
Nike,92.86
Nike,92.86
Nike,41.98
Nike,69.98
Nike,79.99
Nike,139.99
Nike,155
Nike,120
Nike,75
Nike,100
Nike,65.74
Nike,72.68
Nike,72.68
Old Gringo,234.98
Old Gringo,600
Original Penguin,13.99
Original Penguin,25.98
Original Penguin,80
Original Penguin,8.99
Original Penguin,14.99
VANS,34.99
VANS,44.99
VANS,65
Nike,59.99
Nike,110
Nike,19.99
Nike,205
Nike,65.99
Nike,40
Nike,75.9
VANS,64.99
VANS,45.99
VANS,36.99
Nike,66.27
Nike,64.83
Nike,80
Nike,109.95
DAWGS,34.99
DAWGS,9.99
DAWGS,10.99
DAWGS,8.99
Nike,139.99
adidas,49.99
adidas,59.98
adidas,69.99
Nike,130
Nike,69.97
Nike,89.98
adidas,76.99
adidas,139.99
Nike,149.95
Nike,85
Nike,54.96
adidas,67.97
adidas,57.77
Tommy Hilfiger,110
Tommy Hilfiger,67.99
Tommy Hilfiger,59.99
Tommy Hilfiger,75.99
Stetson,368.99
Nike,74.99
Nike,104.97
Nike,199.99
Nike,85
Nike,76.99
Nike,103.49
adidas,80
Nike,119.98
Nike,49.99
Nike,60
Nike,64
Nike,59.99
Nike,54.99
VANS,64.99
VANS,38.99
Nike,87.35
adidas,89.98
VANS,56.35
Nike,54.95
VANS,46
Nike,90
Nike,59.9
Nike,88.19
Nike,74.77
Nike,95
Nike,90.29
Nike,69.99
Nike,63.74
Nike,74.99
Nike,79.99
Nike,69.57
Nike,75
Nike,90
Nike,109.98
Nike,140
Nike,65
Nike,60.74
Nike,202.49
Nike,224.99
Nike,70
Nike,69.99
VANS,64.99
VANS,36.99
Nike,64.99
VANS,69.95
adidas,69.99
Nike,119.95
VANS,79.99
VANS,38.99
adidas,60
Nike,159.99
Nike,69.05
Nike,80
Nike,79.99
Nike,75
Nike,38.77
Nike,38.77
Nike,65.69
adidas,54.95
adidas,48.95
adidas,47.95
adidas,44.95
Tommy Hilfiger,66
Tommy Hilfiger,59.4
Tommy Hilfiger,69
VANS,64.95
VANS,36.99
Saint Laurent,520
Saint Laurent,595
Nike,79.99
Nike,61.7
Nike,90
Nike,99.99
Nike,74.99
adidas,89.4
adidas,119.99
VANS,52.9
Nike,78.01
Nike,66.36
Nike,80
Nike,64.95
Nike,133.99
Sanuk,23.99
Sanuk,65
Lucchese,1275
Lucchese,1019.99
VANS,61.95
Cushe,3.99
Cushe,59.95
Nike,83.2
Nike,100
adidas,88.67
adidas,46.72
adidas,59.9
Nike,78.71
Nike,75
Nike,55.24
Nike,52.66
Nike,71.88
Nike,170
Nike,135.99
Nike,139.95
Nike,129.95
Nike,125
Nike,91.62
VANS,34.99
VANS,65
Nike,80
Nike,78.39
VANS,64.99
VANS,36.99
Nike,58.86
Nike,53.83
VANS,43.99
Nike,71.96
Nike,90
VANS,34.99
VANS,65
Nike,34.99
Nike,49.5
Nike,49.99
Nike,65
NATIVE,12.99
NATIVE,45
NATIVE,14.99
NATIVE,17.99
Nike,99.77
Nike,94.12
Nike,48.95
Nike,48.97
Nike,48.99
Nike,58.99
Nike,69.99
Nike,150
Nike,119.99
Nike,90
VANS,85
VANS,55
VANS,59.99
VANS,37.99
Nike,89.95
Nike,72.55
Nike,72.55
adidas,53.95
Sanuk,29.99
Sanuk,73
VANS,55
VANS,41.99
Nike,49.98
Nike,87.16
adidas,49.99
adidas,37.99
Stetson,341.99
VANS,65
VANS,34.99
VANS,36.99
Nike,137.2
Nike,127.4
Nike,94.99
Nike,89.95
Sanuk,55
Sanuk,23.99
Nike,199.99
Tommy Hilfiger,39.99
Tommy Hilfiger,46.99
Tommy Hilfiger,140
VANS,45.99
Nike,60
Nike,1225
Nike,155.05
Nike,155.05
Nike,109.99
Nike,225
Nike,150
Nike,200
Nike,149.95
Nike,95
adidas,52.99
adidas,49.99
Nike,42.99
Nike,80
Nike,38.99
Nike,189.86
Nike,32.16
Nike,94.4
Nike,94.4
Nike,110
Nike,110
Nike,89.98
Nike,78.23
Nike,189.99
Nike,149.99
Nike,53.99
Nike,62.97
VANS,43.12
VANS,75
Nike,110
adidas,59.99
Nike,130
Nike,63.74
Nike,74.99
Nike,101.2
adidas,29.97
Nike,139.98
Nike,175
VANS,49.99
Nike,134.99
Nike,129
Nike,48.99
Nike,69.97
Nike,69.5
adidas,59.99
VANS,75
VANS,62.34
Nike,63.99
VANS,37.99
VANS,60
Nike,119.99
Nike,96.99
Nike,124.99
Nike,100
Nike,99.99
adidas,84.95
Nike,63.39
Nike,54.97
Nike,59.99
Nike,51
Nike,69.99
Nike,54.99
Nike,64.99
VANS,34.88
VANS,59.99
Nike,110
Nike,122.51
Nike,122.51
Stetson,566.99
VANS,48.78
VANS,34.99
VANS,65
Nike,59.99
Nike,82.84
Nike,74.12
Nike,75
adidas,54
adidas,46.99
adidas,32.26
Nike,70
Nike,70
VANS,65
VANS,36.99
VANS,64.99
VANS,38.99
Nike,85.01
Nike,89.54
Nike,91.1
Nike,169.95
Nike,89
VANS,64.99
VANS,36.99
Nike,69.15
Nike,85
Nike,189.99
Nike,79.99
Nike,69.99
Nike,59.99
Nike,45.99
Nike,58
La Sportiva,575
Lucchese,254.99
Lucchese,319
Nike,119.99
Nike,94.99
Nike,79.95
Nike,89.99
VANS,34.99
VANS,65
Nike,58.2
Nike,49.95
Nike,138.21
Nike,174.95
Nike,74.99
Nike,70
Lucchese,267.99
Lucchese,335
Tommy Hilfiger,160
Tommy Hilfiger,96.99
Dsquared2,219.99
Dsquared2,695
Nike,68.99
Nike,89.95
Nike,79.99
Nike,100
Sanuk,59.95
VANS,64.99
VANS,36.99
Nike,63.99
Nike,100.05
Nike,140
Nike,104
Nike,99.01
Nike,74.69
Nike,85
Nike,74.77
Nike,74.77
adidas,70
adidas,28
Nike,88
Nike,85
Nike,110
Nike,180
Nike,180
VANS,42.49
adidas,1149
adidas,1099.99
adidas,899.99
Nike,225
Nike,134.99
Tommy Hilfiger,45.23
Tommy Hilfiger,65
Nike,74.99
adidas,59.99
Nike,129.99
VANS,34.99
VANS,65
Nike,116.32
Nike,105.65
Nike,105.65
Nike,52.99
Nike,45.04
Nike,64.9
VANS,29.99
VANS,75
VANS,59.99
Nike,100.05
Nike,100.05
VANS,85
VANS,67.99
Nike,67
Tommy Hilfiger,110
Tommy Hilfiger,59.99
Nike,105
VANS,25.99
VANS,85
Nike,89
Nike,81.82
MuckBoot,144.95
Nike,79.98
Cushe,52.49
Cushe,29.99
Cushe,49.99
Cushe,75
Cushe,38.99
Nike,104.99
adidas,46.99
Nike,63.85
Nike,59.99
Nike,49.99
Nike,74.99
Nike,79.98
adidas,18.3
VANS,34.99
VANS,65
VANS,34.99
VANS,65
VANS,64.99
VANS,36.99
Nike,115
Stetson,314.99
adidas,29
Nike,80
Nike,99.99
Nike,85
Nike,67.99
Nike,42.99
Nike,80
Dsquared2,630
Dsquared2,254.99
Nike,89.99
Nike,90
Nike,84.95
Nike,150
Nike,128
Sanuk,36
Sanuk,7.99
Sanuk,8.99
Sanuk,19.98
Sanuk,5.99
Sanuk,19.99
adidas,84
VANS,24.99
VANS,71.98
VANS,75
VANS,59.99
Lucchese,1275
Lucchese,1019.99
Nike,89.57
Nike,89.57
Sanuk,30
Sanuk,23.99
Nike,74.99
Nike,91.92
Nike,110
Nike,86.9
adidas,59.9
Nike,26.99
Nike,65
Nike,19.99
Nike,64.98
Nike,68.15
Nike,57.6
Nike,53.96
Nike,59.97
Nike,110.99
Nike,49.99
Nike,71.96
Nike,90
Nike,44.99
Nike,124.99
Nike,299.95
VANS,45.34
VANS,55
Nike,57.93
Nike,57.93
Nike,59.99
Nike,58.56
Nike,130
Nike,69.99
Nike,129.95
Nike,99.95
Nike,74.96
Nike,84.99
Nike,99
Nike,112.47
Nike,96.17
adidas,69
Nike,330
Nike,109.99
Nike,48.99
Nike,56.99
Jimmy Choo,334.99
Jimmy Choo,750
Jimmy Choo,151.99
Nike,169.99
Nike,120
Sanuk,38
Sanuk,23.99
L.B. Evans,55
L.B. Evans,7.99
L.B. Evans,8.99
Nike,84.95
Nike,174.9
Nike,110.01
Nike,110.01
Nike,65
Nike,57.64
Nike,160.22
Nike,114.99
Stetson,629.99
VANS,64.99
VANS,36.99
Nike,98.81
Nike,130
adidas,69.99
VANS,64.99
VANS,34.99
VANS,36.99
Nike,199.99
Nike,119.99
Nike,199.99
Nike,69.99
Nike,45.95
VANS,75
Nike,75
Nike,43.99
Nike,129.99
VANS,34.99
Nike,54.5
Nike,89.99
VANS,34.99
VANS,65
Nike,98.85
Nike,50
Nike,45
VANS,39.99
VANS,55
Nike,95.9
Nike,90
Nike,85
Nike,95.9
Nike,94.97
Nike,94.97
Nike,67.97
Nike,80.72
Nike,59.97
Nike,72.22
Nike,101.97
Nike,129.97
Nike,84.97
Nike,57.97
Nike,49.27
Nike,110.47
Nike,84.97
Nike,119.97
Nike,57.97
adidas,59.99
Nike,82.47
Nike,82.47
Nike,110
Nike,86.9
Nike,70
Nike,49.98
Nike,94.99
VANS,34.99
VANS,65
VANS,36.99
Nike,87
Nike,59.98
VANS,60
VANS,9.99
adidas,39.99
Nike,76.15
adidas,59.99
Nike,145
Nike,97.47
Nike,139.98
adidas,59.99
Nike,69.15
Nike,85
Nike,95
Nike,140
Nike,115
Nike,120
Nike,124.48
Nike,100
Donald J Pliner,268
Donald J Pliner,148.99
Nike,119.9
Nike,91.51
Nike,115
Nike,91.99
Nike,88.59
Nike,87.62
Nike,88.58
Nike,93.35
Nike,91.34
Nike,125
Nike,69.95
Nike,70
Nike,66.5
Nike,61.7
Nike,149.97
Nike,149.95
Nike,142.47
Nike,139
Nike,90
Nike,71.96
VANS,79.99
VANS,36.99
Nike,90
Nike,60
Nike,49.99
Tommy Hilfiger,747.58
adidas,59.99
adidas,57.99
Nike,22
Nike,79.99
Nike,93.89
Nike,99.99
VANS,55
VANS,13.99
VANS,17.99
VANS,33.99
Nike,100
Nike,49.99
Nike,26
VANS,35.99
VANS,45
Nike,39.99
Nike,80
Nike,66.36
Nike,80
Cushe,25.99
Nike,135
Nike,88.19
Nike,1
adidas,119.95
Nike,129.95
Nike,89.95
VANS,54.99
VANS,60
Nike,140
Nike,100.05
Nike,68.5
MuckBoot,164.95
MuckBoot,179.95
MuckBoot,179.95
MuckBoot,0
Nike,65.5
Nike,93.85
Nike,78
Nike,68.99
VANS,17.99
VANS,60
VANS,33.99
Nike,115
Nike,86.01
adidas,18.94
adidas,18.3
Nike,65.99
Nike,58.99
NATIVE,45
NATIVE,7.99
NATIVE,9.99
adidas,14.99
Nike,119.99
Nike,100
adidas,39.99
Nike,74.99
Nike,60
Nike,65
Nike,109.99
Nike,115
Nike,91.99
Nike,79.99
Nike,115
Nike,69.99
Nike,60
Nike,107.99
Nike,113.99
Nike,150
Nike,96
Nike,83.97
VANS,65
VANS,36.99
VANS,38.99
Tommy Hilfiger,70
Tommy Hilfiger,55.99
Nike,63.99
Nike,76.6
Nike,100
Nike,109.99
Nike,65
VANS,44.99
VANS,65
Nike,175
Nike,174.95
Nike,107.16
VANS,29.99
VANS,29.93
VANS,59.99
Nike,66.49
Nike,58.99
VANS,45
VANS,39.98
VANS,27.99
VANS,35
Nike,110.22
adidas,179.99
Nike,109.99
Nike,59.99
Nike,65
Nike,60.12
Nike,65
Nike,155.36
Nike,225
Nike,74.08
Nike,99.99
Nike,120
adidas,52.99
Nike,70
Nike,70
Nike,59.38
VANS,65
VANS,34.99
VANS,65
Sanuk,44
Sanuk,23.99
Nike,69.15
Nike,85
Nike,75
Nike,61.65
Nike,71.98
La Sportiva,165
Cushe,37.49
Cushe,37.99
Cushe,68
Cushe,37.99
VANS,39.99
VANS,65
VANS,59.99
VANS,36.99
Nike,86.89
Nike,350
Nike,350
Nike,299.99
Nike,359.99
Nike,513.21
Nike,350
Nike,520.86
Nike,350
Nike,350
Nike,350
Nike,513.21
Nike,350
Nike,300
Nike,350
Nike,240
Nike,240
Nike,44.99
Nike,64.74
Nike,109.98
Nike,59.39
adidas,59.99
Nike,59.9
Cushe,17.99
Nike,115
Nike,115
Nike,94.43
Nike,94.43
Nike,80
adidas,110
adidas,82.5
Nike,129.99
Nike,89.99
Nike,44.99
Nike,89.99
Nike,69.99
Nike,99.99
Nike,89.99
VANS,61.95
Nike,122.95
Nike,125
Nike,64.99
Nike,59.99
Nike,59.49
Nike,69.99
adidas,54.95
Nike,110
Nike,73.89
Nike,65.99
Nike,90
Nike,64.79
Nike,66.36
Nike,80
VANS,34.99
VANS,65
adidas,119.95
adidas,59
Nike,119.99
Nike,59.9
Nike,79.99
Nike,69.99
Nike,75
Nike,140
Nike,99.99
Nike,115
Nike,102
Nike,99.05
Nike,59.9
Nike,120
Nike,119.5
Nike,38.5
VANS,64.99
VANS,34.99
Nike,80.36
Nike,110
Nike,24.95
Nike,57.19
Nike,99.99
Nike,89.99
Nike,294.95
Nike,99.99
Nike,77
Nike,58.97
adidas,58.45
adidas,64.95
Nike,190
Nike,106.49
Nike,79.87
Cushe,25.99
Nike,65.83
Nike,70
Nike,84.9
Nike,90
VANS,45.99
VANS,90
adidas,59.99
Nike,109.89
adidas,79.99
Nike,97.97
Nike,76.47
Nike,97.97
Nike,89.97
Nike,83.27
Nike,89.97
Nike,49.99
Nike,68.25
Nike,39.99
Nike,65
VANS,39.99
VANS,55
Nike,120
adidas,39.95
adidas,42.95
Nike,72.99
Tommy Hilfiger,51.65
Tommy Hilfiger,51.63
VANS,55
VANS,14.99
Nike,82.26
Nike,76.72
adidas,60
Nike,189
Nike,170.1
VANS,70
VANS,29.99
VANS,13.99
VANS,12.99
VANS,45
VANS,7.99
VANS,11.99
VANS,9.99
Nike,120
VANS,59.99
VANS,39.99
Nike,69.99
Nike,79.99
Nike,129.99
Nike,97.24
Nike,135
VANS,46.99
VANS,65
Nike,90
VANS,65
VANS,36.99
Nike,39.97
Nike,61.5
adidas,69.99
Nike,80.85
Nike,88.82
Nike,83.79
VANS,29.99
Nike,109.99
VANS,34.99
adidas,59.99
Nike,53.99
Nike,100
adidas,119.95
Nike,90
Nike,36.65
Nike,36.65
Nike,120
Nike,89.99
Nike,59.95
Nike,71.84
Nike,68.64
Nike,68.63
Nike,120
adidas,89.99
Nike,37.99
VANS,64.99
VANS,36.99
Nike,59.99
VANS,34.99
VANS,40.99
VANS,65
Nike,79.35
Nike,79.35
VANS,34.99
VANS,65
La Sportiva,140
Nike,94.99
Nike,94.99
Nike,79.99
Stetson,314.99
Nike,90
Nike,499
VANS,65
VANS,38.99
Nike,38
Nike,109.99
Nike,98.99
Nike,129.9
Nike,59.99
Nike,69
Nike,79.99
Nike,84.97
Nike,56.9
Nike,110
Nike,109.99
Nike,299.99
Nike,72
Nike,120
adidas,29.99
Nike,142.9
VANS,34.99
VANS,40.99
VANS,65
Stetson,332.99
VANS,64.99
VANS,36.99
Nike,89.9
Nike,88.71
Nike,75.55
Nike,119.99
MuckBoot,164.95
MuckBoot,179.95
MuckBoot,0
MuckBoot,179.95
VANS,40.99
VANS,65
Nike,62
Nike,94.99
Nike,82.99
Nike,89.5
VANS,38.99
VANS,55
Tommy Hilfiger,57.61
Tommy Hilfiger,90
Nike,66.5
Nike,61.7
Nike,39.99
Nike,84.12
Nike,94.99
Nike,85.49
VANS,60
VANS,65
VANS,33.82
VANS,38.99
VANS,29.99
Nike,63.63
Nike,65
adidas,49.19
adidas,81.99
Donald J Pliner,625
Donald J Pliner,239.99
Nike,115
Nike,69.99
Nike,74.99
Nike,198.85
Nike,249.99
Nike,249.99
Nike,68.59
Nike,65
Nike,26
Nike,58.99
Nike,39.99
Nike,80
Nike,41.99
Nike,43.99
Nike,100
adidas,89.99
Nike,200
Nike,159.99
Nike,105.49
Nike,70
adidas,115
adidas,69
Nike,95.99
VANS,33.06
VANS,33.12
VANS,33.21
Nike,50
Nike,49.5
Nike,250
VANS,65
VANS,25.99
Nike,85
Nike,80.31
VANS,55
VANS,33.99
Nike,69.99
Nike,62.06
Nike,68.95
Nike,119.99
Nike,98.95
Nike,249.9
Nike,237.4
Nike,144.9
VANS,34.64
VANS,55
Nike,64.99
VANS,51.97
VANS,64.95
Nike,85
Nike,37.99
adidas,79.99
Tecs,8.91
Nike,109.23
Nike,109.23
Tommy Hilfiger,140
Tommy Hilfiger,57.99
Nike,76.97
Nike,110
Nike,82.28
Nike,82.84
Nike,76.46
Nike,85
Nike,470
Nike,331.93
Nike,344.48
Nike,192.45
Nike,286
adidas,64.99
Nike,72
Nike,80
Nike,159.92
Nike,157.92
Nike,199.9
Nike,134.99
Nike,225
Nike,199.99
Nike,225
Nike,104.75
adidas,44.99
adidas,49.99
Tommy Hilfiger,36.64
Nike,129.99
Nike,43.99
Nike,89.99
VANS,55
VANS,43.99
VANS,29.99
Nike,63.99
Nike,80
VANS,59.99
VANS,31.65
VANS,64.99
VANS,36.99
VANS,45
VANS,25.99
adidas,19.99
adidas,135
adidas,69.97
Nike,85
Nike,67.99
Nike,174.29
Nike,177.01
Nike,175.19
Nike,177.01
Nike,174.78
adidas,46.95
Nike,69.5
Nike,69.99
Nike,83.99
Nike,115
Nike,310.59
VANS,47.99
VANS,60
VANS,29.99
Nike,83.19
Nike,83.19
adidas,34.99
adidas,33.75
adidas,69.99
adidas,37.49
adidas,69.99
adidas,74.99
Nike,75
Sanuk,44.94
Nike,59.99
Nike,197.6
Nike,174.99
Nike,49.99
Nike,54.99
VANS,39.92
adidas,49.99
Nike,158.85
Nike,124.99
VANS,30.99
VANS,45
Nike,189
Nike,92.61
Nike,94.5
adidas,119.95
adidas,59.99
Nike,85
Nike,59.49
Nike,69.99
Nike,85
Nike,74.99
Nike,74.99
Nike,106.99
Nike,125
Nike,125
Nike,71.96
Nike,90
Nike,49.99
Nike,112.99
Nike,77.96
Nike,62.37
Nike,90
Donald J Pliner,300
Donald J Pliner,123.99
Nike,170.99
VANS,55
VANS,43.99
Nike,69.99
Nike,74.97
Nike,64.99
VANS,39.99
VANS,59.99
Nike,59.95
Nike,120.32
Nike,135
adidas,59.99
Nike,64.99
Nike,27
Nike,125
Nike,55
Nike,57.5
Nike,60
Nike,59
Nike,70
Nike,139.97
Nike,119.97
Nike,109.99
adidas,69.99
Nike,85
Nike,159.99
Nike,149.99
Nike,159.99
Nike,205
VANS,64.99
VANS,36.99
Nike,59.99
VANS,34.99
VANS,65
Nike,112
Nike,74.99
Nike,140
Nike,119.98
Nike,257
Nike,300
Nike,299.99
Nike,395.06
Nike,257
Nike,257
Nike,89.95
Nike,46.7
Nike,46.7
Nike,209.9
Nike,165.82
Nike,33.99
Nike,90
Cushe,23.99
Cushe,19.99
Cushe,21.99
Cushe,54.95
adidas,54.95
Nike,125
Nike,91.62
Nike,69.5
Nike,69.99
Sanuk,33.95
Nike,65
Nike,64.99
Nike,69.15
Nike,85
Nike,131.99
Nike,165
Nike,92.86
Nike,92.86
Nike,41.98
Nike,90
Nike,79.99
Nike,139.99
Nike,155
Nike,120
Nike,75
Nike,100
Nike,65.74
Nike,72.68
Nike,72.68
Old Gringo,234.98
Old Gringo,600
Original Penguin,13.99
Original Penguin,25.98
Original Penguin,80
Original Penguin,8.99
Original Penguin,14.99
VANS,34.99
VANS,44.99
VANS,65
Nike,59.99
Nike,110
Nike,19.99
Nike,205
Nike,65.99
Nike,40
Nike,75.9
VANS,64.99
VANS,45.99
VANS,36.99
Nike,66.27
Nike,64.83
Nike,80
Nike,109.95
DAWGS,34.99
DAWGS,9.99
DAWGS,10.99
DAWGS,8.99
Nike,139.99
adidas,49.99
adidas,59.98
adidas,69.99
Nike,130
Nike,69.97
Nike,89.98
adidas,76.99
adidas,139.99
Nike,149.95
Nike,85
Nike,54.96
adidas,67.97
adidas,57.77
Tommy Hilfiger,110
Tommy Hilfiger,67.99
Tommy Hilfiger,59.99
Tommy Hilfiger,75.99
Stetson,368.99
Nike,74.99
Nike,119.99
Nike,200
Nike,85
Nike,76.99
Nike,103.49
adidas,80
Nike,119.98
Nike,49.99
Nike,60
Nike,64
Nike,59.99
Nike,54.99
VANS,64.99
VANS,38.99
Nike,87.35
adidas,89.98
VANS,56.35
Nike,54.95
VANS,46
Nike,90
Nike,59.9
Nike,88.19
Nike,74.77
Nike,95
Nike,90.29
Nike,69.99
Nike,63.74
Nike,74.99
Nike,79.99
Nike,69.57
Nike,75
Nike,90
Nike,109.98
Nike,140
Nike,65
Nike,60.74
Nike,202.49
Nike,224.99
Nike,70
Nike,69.99
VANS,64.99
VANS,36.99
Nike,64.99
VANS,69.95
adidas,69.99
Nike,119.95
VANS,79.99
VANS,38.99
adidas,60
Nike,159.99
Nike,69.05
Nike,80
Nike,79.99
Nike,75
Nike,38.77
Nike,38.77
Nike,65.69
adidas,54.95
adidas,48.95
adidas,47.95
adidas,44.95
Tommy Hilfiger,66
Tommy Hilfiger,59.4
Tommy Hilfiger,69
VANS,64.95
VANS,36.99
Saint Laurent,520
Saint Laurent,595
Nike,79.99
Nike,61.7
Nike,90
Nike,99.99
Nike,74.99
adidas,89.4
adidas,119.99
VANS,52.9
Nike,78.01
Nike,66.36
Nike,80
Nike,64.95
Nike,133.99
Sanuk,23.99
Sanuk,65
Lucchese,1275
Lucchese,1019.99
VANS,61.95
Cushe,3.99
Cushe,59.95
Nike,83.2
Nike,100
adidas,88.67
adidas,46.72
adidas,59.9
Nike,78.71
Nike,75
Nike,55.24
Nike,52.66
Nike,71.88
Nike,170
Nike,135.99
Nike,184.99
Nike,129.95
Nike,125
Nike,91.62
VANS,34.99
VANS,65
Nike,80
Nike,78.39
VANS,64.99
VANS,36.99
Nike,158
Nike,158
VANS,43.99
Nike,71.96
Nike,90
VANS,34.99
VANS,65
Nike,34.99
Nike,49.5
Nike,49.99
Nike,65
NATIVE,12.99
NATIVE,45
NATIVE,14.99
NATIVE,17.99
Nike,99.77
Nike,94.12
Nike,68.99
Nike,68.99
Nike,68.99
Nike,58.99
Nike,299.99
Nike,150
Nike,119.99
Nike,90
VANS,85
VANS,55
VANS,59.99
VANS,37.99
Nike,89.95
Nike,72.55
Nike,72.55
adidas,53.95
Sanuk,29.99
Sanuk,73
VANS,55
VANS,41.99
Nike,49.98
Nike,87.16
adidas,49.99
adidas,37.99
Stetson,341.99
VANS,65
VANS,34.99
VANS,36.99
Nike,137.2
Nike,127.4
Nike,94.99
Nike,89.95
Sanuk,55
Sanuk,23.99
Nike,199.99
Tommy Hilfiger,39.99
Tommy Hilfiger,46.99
Tommy Hilfiger,140
VANS,45.99
Nike,60
Nike,1225
Nike,299.99
Nike,289.95
Nike,109.99
Nike,225
Nike,150
Nike,200
Nike,149.95
Nike,95
adidas,52.99
adidas,49.99
Nike,42.99
Nike,80
Nike,38.99
Nike,399.99
Nike,32.16
Nike,94.4
Nike,94.4
Nike,110
Nike,110
Nike,89.98
Nike,78.23
Nike,189.99
Nike,149.99
Nike,53.99
Nike,62.97
VANS,43.12
VANS,75
Nike,110
adidas,59.99
Nike,130
Nike,63.74
Nike,74.99
Nike,130
adidas,29.97
Nike,139.98
Nike,175
VANS,49.99
Nike,134.99
Nike,129
Nike,48.99
Nike,140
Nike,69.5
adidas,59.99
VANS,75
VANS,62.34
Nike,63.99
VANS,37.99
VANS,60
Nike,119.99
Nike,96.99
Nike,124.99
Nike,100
Nike,99.99
adidas,84.95
Nike,63.39
Nike,54.97
Nike,59.99
Nike,51
Nike,69.99
Nike,54.99
Nike,64.99
VANS,34.88
VANS,59.99
Nike,110
Nike,122.51
Nike,122.51
Stetson,566.99
VANS,48.78
VANS,34.99
VANS,65
Nike,59.99
Nike,82.84
Nike,74.12
Nike,75
adidas,54
adidas,46.99
adidas,94.1
Nike,70
Nike,70
VANS,65
VANS,36.99
VANS,64.99
VANS,38.99
Nike,148
Nike,250
Nike,210
Nike,169.95
Nike,177
VANS,64.99
VANS,36.99
Nike,69.15
Nike,85
Nike,189.99
Nike,79.99
Nike,69.99
Nike,59.99
Nike,45.99
Nike,58
La Sportiva,575
Lucchese,254.99
Lucchese,319
Nike,119.99
Nike,94.99
Nike,165
Nike,89.99
VANS,34.99
VANS,65
Nike,58.2
Nike,49.95
Nike,138.21
Nike,174.95
Nike,74.99
Nike,70
Lucchese,267.99
Lucchese,335
Tommy Hilfiger,160
Tommy Hilfiger,96.99
Dsquared2,219.99
Dsquared2,695
Nike,68.99
Nike,89.95
Nike,79.99
Nike,100
Sanuk,59.95
VANS,64.99
VANS,36.99
Nike,63.99
Nike,100.05
Nike,140
Nike,104
Nike,130.5
Nike,74.69
Nike,85
Nike,74.77
Nike,74.77
adidas,70
adidas,28
Nike,88
Nike,85
Nike,110
Nike,180
Nike,180
VANS,42.49
adidas,1149
adidas,1099.99
adidas,899.99
Nike,225
Nike,134.99
Tommy Hilfiger,45.23
Tommy Hilfiger,65
Nike,74.99
adidas,59.99
Nike,129.99
VANS,34.99
VANS,65
Nike,178.99
Nike,105.65
Nike,105.65
Nike,52.99
Nike,45.04
Nike,64.9
VANS,29.99
VANS,75
VANS,59.99
Nike,100.05
Nike,100.05
VANS,85
VANS,67.99
Nike,67
Tommy Hilfiger,110
Tommy Hilfiger,59.99
Nike,105
VANS,25.99
VANS,85
Nike,129.99
Nike,129.99
MuckBoot,144.95
Nike,79.98
Cushe,52.49
Cushe,29.99
Cushe,49.99
Cushe,75
Cushe,38.99
Nike,104.99
adidas,46.99
Nike,63.85
Nike,59.99
Nike,49.99
Nike,74.99
Nike,79.98
adidas,37.5
VANS,34.99
VANS,65
VANS,34.99
VANS,65
VANS,64.99
VANS,36.99
Nike,115
Stetson,314.99
adidas,29
Nike,80
Nike,99.99
Nike,85
Nike,67.99
Nike,42.99
Nike,80
Dsquared2,630
Dsquared2,254.99
Nike,89.99
Nike,90
Nike,84.95
Nike,150
Nike,239.64
Sanuk,36
Sanuk,7.99
Sanuk,8.99
Sanuk,19.98
Sanuk,5.99
Sanuk,19.99
adidas,84
VANS,24.99
VANS,71.98
VANS,75
VANS,59.99
Lucchese,1275
Lucchese,1019.99
Nike,89.57
Nike,89.57
Sanuk,30
Sanuk,23.99
Nike,74.99
Nike,213.31
Nike,110
Nike,86.9
adidas,59.9
Nike,26.99
Nike,65
Nike,19.99
Nike,64.98
Nike,68.15
Nike,57.6
Nike,53.96
Nike,59.97
Nike,110.99
Nike,49.99
Nike,71.96
Nike,90
Nike,44.99
Nike,124.99
Nike,299.95
VANS,45.34
VANS,55
Nike,57.93
Nike,57.93
Nike,65
Nike,65
Nike,130
Nike,69.99
Nike,129.95
Nike,99.95
Nike,74.96
Nike,84.99
Nike,99
Nike,112.47
Nike,96.17
adidas,69
Nike,330
Nike,109.99
Nike,48.99
Nike,56.99
Jimmy Choo,334.99
Jimmy Choo,750
Jimmy Choo,151.99
Nike,169.99
Nike,120
Sanuk,38
Sanuk,23.99
L.B. Evans,55
L.B. Evans,7.99
L.B. Evans,8.99
Nike,84.95
Nike,174.9
Nike,110.01
Nike,110.01
Nike,65
Nike,57.64
Nike,160.22
Nike,114.99
Stetson,629.99
VANS,64.99
VANS,36.99
Nike,98.81
Nike,130
adidas,69.99
VANS,64.99
VANS,34.99
VANS,36.99
Nike,199.99
Nike,119.99
Nike,199.99
Nike,115
Nike,45.95
VANS,75
Nike,75
Nike,43.99
Nike,129.99
VANS,34.99
Nike,54.5
Nike,89.99
VANS,34.99
VANS,65
Nike,98.85
Nike,50
Nike,45
VANS,39.99
VANS,55
Nike,95.9
Nike,90
Nike,220.99
Nike,95.9
Nike,94.97
Nike,94.97
Nike,67.97
Nike,80.72
Nike,59.97
Nike,72.22
Nike,101.97
Nike,129.97
Nike,84.97
Nike,57.97
Nike,49.27
Nike,110.47
Nike,84.97
Nike,119.97
Nike,57.97
adidas,59.99
Nike,199.99
Nike,129.99
Nike,110
Nike,86.9
Nike,70
Nike,49.98
Nike,94.99
VANS,34.99
VANS,65
VANS,36.99
Nike,158
Nike,59.98
VANS,60
VANS,9.99
adidas,39.99
Nike,76.15
adidas,59.99
Nike,145
Nike,97.47
Nike,190
adidas,59.99
Nike,69.15
Nike,85
Nike,95
Nike,140
Nike,231
Nike,226
Nike,184.99
Nike,100
Donald J Pliner,268
Donald J Pliner,148.99
Nike,149.97
Nike,161
Nike,115
Nike,91.99
Nike,88.59
Nike,87.62
Nike,88.58
Nike,93.35
Nike,91.34
Nike,125
Nike,69.95
Nike,70
Nike,66.5
Nike,61.7
Nike,149.97
Nike,149.95
Nike,142.47
Nike,139
Nike,90
Nike,71.96
VANS,79.99
VANS,36.99
Nike,90
Nike,60
Nike,49.99
Tommy Hilfiger,747.58
adidas,59.99
adidas,57.99
Nike,22
Nike,187.6
Nike,144
Nike,144
VANS,55
VANS,13.99
VANS,17.99
VANS,33.99
Nike,100
Nike,49.99
Nike,26
VANS,35.99
VANS,45
Nike,39.99
Nike,80
Nike,66.36
Nike,80
Cushe,25.99
Nike,135
Nike,88.19
Nike,1
adidas,119.95
Nike,129.95
Nike,89.95
VANS,54.99
VANS,60
Nike,140
Nike,100.05
Nike,68.5
MuckBoot,164.95
MuckBoot,179.95
MuckBoot,179.95
MuckBoot,0
Nike,65.5
Nike,93.85
Nike,78
Nike,68.99
VANS,17.99
VANS,60
VANS,33.99
Nike,115
Nike,86.01
adidas,37.5
adidas,37.5
Nike,65.99
Nike,58.99
